Program,Link
Aeronautics and Astronautics,https://majors.stanford.edu/opportunities/aeronautics-and-astronautics
African and African American Studies,https://majors.stanford.edu/opportunities/african-and-african-american-studies
African Studies,https://majors.stanford.edu/opportunities/african-studies
American Studies,https://majors.stanford.edu/opportunities/american-studies
Anthropology,https://majors.stanford.edu/opportunities/anthropology
Applied Physics,https://majors.stanford.edu/opportunities/applied-physics
Archaeology,https://majors.stanford.edu/opportunities/archaeology
Art History,https://majors.stanford.edu/opportunities/art-history
Art Practice,https://majors.stanford.edu/opportunities/art-practice
Asian American Studies,https://majors.stanford.edu/opportunities/asian-american-studies
Atmosphere/Energy,https://majors.stanford.edu/opportunities/atmosphereenergy
Bioengineering,https://majors.stanford.edu/opportunities/bioengineering
Biology,https://majors.stanford.edu/opportunities/biology
Biomechanical Engineering,https://majors.stanford.edu/opportunities/biomechanical-engineering
Biomedical Computation,https://majors.stanford.edu/opportunities/biomedical-computation
Chemical Engineering,https://majors.stanford.edu/opportunities/chemical-engineering
Chemistry,https://majors.stanford.edu/opportunities/chemistry
Chicana/o - Latina/o Studies,https://majors.stanford.edu/opportunities/chicanao-latinao-studies
China Studies,https://majors.stanford.edu/opportunities/china-studies
Civil Engineering,https://majors.stanford.edu/opportunities/civil-engineering
Classics,https://majors.stanford.edu/opportunities/classics
Communication,https://majors.stanford.edu/opportunities/communication
Community Health and Prevention Research,https://majors.stanford.edu/opportunities/community-health-and-prevention-research
Comparative Literature,https://majors.stanford.edu/opportunities/comparative-literature
Comparative Studies in Race and Ethnicity,https://majors.stanford.edu/opportunities/comparative-studies-race-and-ethnicity
Computer Science,https://majors.stanford.edu/opportunities/computer-science
Creative Writing,https://majors.stanford.edu/opportunities/creative-writing
Dance (TAPS Minor),https://majors.stanford.edu/opportunities/dance-taps-minor
Data Science,https://majors.stanford.edu/opportunities/data-science
Data Science & Social Systems,https://majors.stanford.edu/opportunities/data-science-social-systems
"Democracy, Development, and the Rule of Law",https://majors.stanford.edu/opportunities/democracy-development-and-rule-law
Design,https://majors.stanford.edu/opportunities/design
Digital Humanities,https://majors.stanford.edu/opportunities/digital-humanities
Earth and Planetary Sciences,https://majors.stanford.edu/opportunities/earth-systems
Earth Systems,https://majors.stanford.edu/opportunities/earth-systems
East Asian Studies,https://majors.stanford.edu/opportunities/east-asian-studies
Economics,https://majors.stanford.edu/opportunities/economics
Education,https://majors.stanford.edu/opportunities/education
Electrical Engineering,https://majors.stanford.edu/opportunities/electrical-engineering
Energy Science and Engineering,https://majors.stanford.edu/opportunities/energy-science-and-engineering
Engineering Physics,https://majors.stanford.edu/opportunities/engineering-physics
English,https://majors.stanford.edu/opportunities/english
Environmental Systems Engineering,https://majors.stanford.edu/opportunities/environmental-systems-engineering
Ethics in Society,https://majors.stanford.edu/opportunities/ethics-society
European Studies,https://majors.stanford.edu/opportunities/european-studies
"Feminist, Gender, and Sexuality Studies",https://majors.stanford.edu/opportunities/feminist-gender-and-sexuality-studies
Film and Media Studies,https://majors.stanford.edu/opportunities/film-and-media-studies
French,https://majors.stanford.edu/opportunities/french
Geophysics,https://majors.stanford.edu/opportunities/geophysics
German Studies,https://majors.stanford.edu/opportunities/german-studies
Global Studies,https://majors.stanford.edu/opportunities/global-studies
History,https://majors.stanford.edu/opportunities/history
Honors in the Arts,https://majors.stanford.edu/opportunities/honors-arts
Human Biology,https://majors.stanford.edu/opportunities/human-biology
Human Rights,https://majors.stanford.edu/opportunities/human-rights
Iberian and Latin American Cultures,https://majors.stanford.edu/opportunities/iberian-and-latin-american-cultures
International Policy Studies,https://majors.stanford.edu/opportunities/international-policy-studies
International Relations,https://majors.stanford.edu/opportunities/international-relations
International Security Studies,https://majors.stanford.edu/opportunities/international-security-studies
Iranian Studies,https://majors.stanford.edu/opportunities/iranian-studies
Islamic Studies,https://majors.stanford.edu/opportunities/islamic-studies
Italian,https://majors.stanford.edu/opportunities/italian
Japanese,https://majors.stanford.edu/opportunities/japanese
Jewish Studies,https://majors.stanford.edu/opportunities/jewish-studies
Korean,https://majors.stanford.edu/opportunities/korean
Laboratory Animal Science,https://majors.stanford.edu/opportunities/laboratory-animal-science
Latin American Studies,https://majors.stanford.edu/opportunities/latin-american-studies
Linguistics,https://majors.stanford.edu/opportunities/linguistics
Management Science and Engineering,https://majors.stanford.edu/opportunities/management-science-and-engineering
Materials Science and Engineering,https://majors.stanford.edu/opportunities/materials-science-and-engineering
Mathematical and Computational Science,https://majors.stanford.edu/opportunities/mathematical-and-computational-science
Mathematics,https://majors.stanford.edu/opportunities/mathematics
Mechanical Engineering,https://majors.stanford.edu/opportunities/mechanical-engineering
Medieval Studies,https://majors.stanford.edu/opportunities/medieval-studies
"Middle Eastern Language, Literature and Culture",https://majors.stanford.edu/opportunities/middle-eastern-language-literature-and-culture
Modern Languages,https://majors.stanford.edu/opportunities/modern-languages
Modern Thought and Literature,https://majors.stanford.edu/opportunities/modern-thought-and-literature
Music,https://majors.stanford.edu/opportunities/music
"Music, Science, and Technology",https://majors.stanford.edu/opportunities/music-science-and-technology
Native American Studies,https://majors.stanford.edu/opportunities/native-american-studies
Philosophy,https://majors.stanford.edu/opportunities/philosophy
Philosophy and Religious Studies,https://majors.stanford.edu/opportunities/philosophy-and-religious-studies
Physics,https://majors.stanford.edu/opportunities/physics
Political Science,https://majors.stanford.edu/opportunities/political-science
Portuguese,https://majors.stanford.edu/opportunities/portuguese
Psychology,https://majors.stanford.edu/opportunities/psychology
Public Policy,https://majors.stanford.edu/opportunities/public-policy
Religious Studies,https://majors.stanford.edu/opportunities/religious-studies
"Science, Technology, and Society",https://majors.stanford.edu/opportunities/science-technology-and-society
Slavic Languages and Literatures,https://majors.stanford.edu/opportunities/slavic-languages-and-literatures
Sociology,https://majors.stanford.edu/opportunities/sociology
South Asian Studies,https://majors.stanford.edu/opportunities/south-asian-studies
Spanish,https://majors.stanford.edu/opportunities/spanish
Statistics,https://majors.stanford.edu/opportunities/statistics
Sustainability,https://majors.stanford.edu/opportunities/sustainability
Sustainable Architecture + Engineering,https://majors.stanford.edu/opportunities/sustainable-architecture-engineering
Symbolic Systems,https://majors.stanford.edu/opportunities/symbolic-systems
Theater and Performance Studies,https://majors.stanford.edu/opportunities/theater-and-performance-studies
Translation Studies,https://majors.stanford.edu/opportunities/translation-studies
Urban Studies,https://majors.stanford.edu/opportunities/urban-studies